{
    "predict_bleu-4": 18.132144999999998,
    "predict_rouge-1": 46.1331,
    "predict_rouge-2": 20.772389999999998,
    "predict_rouge-l": 34.49886,
    "predict_runtime": 18.301,
    "predict_samples_per_second": 1.093,
    "predict_steps_per_second": 0.546
}